{
  "wiki_benchmark": {
    "cv_results_hard_subset": {
      "jaccard5_only": {
        "auc_mean": 1.0,
        "auc_std": 0.0,
        "fold_aucs": [
          1.0,
          1.0,
          1.0,
          1.0,
          1.0
        ]
      },
      "jaccard2_only": {
        "auc_mean": 1.0,
        "auc_std": 0.0,
        "fold_aucs": [
          1.0,
          1.0,
          1.0,
          1.0,
          1.0
        ]
      },
      "inv_ecs_only": {
        "auc_mean": 0.8087222222222223,
        "auc_std": 0.025352210315892267,
        "fold_aucs": [
          0.7763888888888889,
          0.8522222222222222,
          0.8113888888888889,
          0.7925,
          0.8111111111111111
        ]
      },
      "jaccard5_inv_ecs": {
        "auc_mean": 1.0,
        "auc_std": 0.0,
        "fold_aucs": [
          1.0,
          1.0,
          1.0,
          1.0,
          1.0
        ]
      },
      "jaccard2_inv_ecs": {
        "auc_mean": 1.0,
        "auc_std": 0.0,
        "fold_aucs": [
          1.0,
          1.0,
          1.0,
          1.0,
          1.0
        ]
      },
      "all_features": {
        "auc_mean": 1.0,
        "auc_std": 0.0,
        "fold_aucs": [
          1.0,
          1.0,
          1.0,
          1.0,
          1.0
        ]
      }
    },
    "cv_results_all_labels": {
      "jaccard5_only": {
        "auc_mean": 1.0,
        "auc_std": 0.0,
        "fold_aucs": [
          1.0,
          1.0,
          1.0,
          1.0,
          1.0
        ]
      },
      "jaccard2_only": {
        "auc_mean": 1.0,
        "auc_std": 0.0,
        "fold_aucs": [
          1.0,
          1.0,
          1.0,
          1.0,
          1.0
        ]
      },
      "inv_ecs_only": {
        "auc_mean": 0.8142777777777777,
        "auc_std": 0.03461900213238351,
        "fold_aucs": [
          0.7847222222222222,
          0.8761111111111111,
          0.821111111111111,
          0.8102777777777778,
          0.7791666666666667
        ]
      },
      "jaccard5_inv_ecs": {
        "auc_mean": 1.0,
        "auc_std": 0.0,
        "fold_aucs": [
          1.0,
          1.0,
          1.0,
          1.0,
          1.0
        ]
      },
      "jaccard2_inv_ecs": {
        "auc_mean": 1.0,
        "auc_std": 0.0,
        "fold_aucs": [
          1.0,
          1.0,
          1.0,
          1.0,
          1.0
        ]
      },
      "all_features": {
        "auc_mean": 1.0,
        "auc_std": 0.0,
        "fold_aucs": [
          1.0,
          1.0,
          1.0,
          1.0,
          1.0
        ]
      }
    },
    "mann_whitney_iod": {
      "median_iod_near_dup": 20.2831045751634,
      "median_iod_hard_neg": 81.76335678841534,
      "mann_whitney_p": 3.819316529024651e-39,
      "n_near_dup": 300,
      "n_hard_neg": 300
    },
    "delta_auc_j2_plus_inv_ecs_vs_j2": {
      "mean": 0.0,
      "ci_lo": -1.1102230246251565e-16,
      "ci_hi": 1.1102230246251565e-16
    }
  },
  "boilerplate_benchmark": {
    "cv_results_hard_subset": {
      "jaccard5_only": {
        "auc_mean": 1.0,
        "auc_std": 0.0,
        "fold_aucs": [
          1.0,
          1.0,
          1.0,
          1.0,
          1.0
        ]
      },
      "jaccard2_only": {
        "auc_mean": 1.0,
        "auc_std": 0.0,
        "fold_aucs": [
          1.0,
          1.0,
          1.0,
          1.0,
          1.0
        ]
      },
      "inv_ecs_only": {
        "auc_mean": 0.8071666666666667,
        "auc_std": 0.03740807663501111,
        "fold_aucs": [
          0.8641666666666666,
          0.7497222222222222,
          0.7902777777777777,
          0.8133333333333332,
          0.8183333333333332
        ]
      },
      "jaccard5_inv_ecs": {
        "auc_mean": 1.0,
        "auc_std": 0.0,
        "fold_aucs": [
          1.0,
          1.0,
          1.0,
          1.0,
          1.0
        ]
      },
      "jaccard2_inv_ecs": {
        "auc_mean": 1.0,
        "auc_std": 0.0,
        "fold_aucs": [
          1.0,
          1.0,
          1.0,
          1.0,
          1.0
        ]
      },
      "all_features": {
        "auc_mean": 1.0,
        "auc_std": 0.0,
        "fold_aucs": [
          1.0,
          1.0,
          1.0,
          1.0,
          1.0
        ]
      }
    },
    "cv_results_all_labels": {
      "jaccard5_only": {
        "auc_mean": 1.0,
        "auc_std": 0.0,
        "fold_aucs": [
          1.0,
          1.0,
          1.0,
          1.0,
          1.0
        ]
      },
      "jaccard2_only": {
        "auc_mean": 1.0,
        "auc_std": 7.021666937153402e-17,
        "fold_aucs": [
          1.0,
          1.0,
          1.0,
          0.9999999999999999,
          0.9999999999999999
        ]
      },
      "inv_ecs_only": {
        "auc_mean": 0.8155277777777779,
        "auc_std": 0.022969115065965873,
        "fold_aucs": [
          0.8463888888888889,
          0.7984722222222221,
          0.7833333333333333,
          0.815,
          0.8344444444444444
        ]
      },
      "jaccard5_inv_ecs": {
        "auc_mean": 1.0,
        "auc_std": 0.0,
        "fold_aucs": [
          1.0,
          1.0,
          1.0,
          1.0,
          1.0
        ]
      },
      "jaccard2_inv_ecs": {
        "auc_mean": 1.0,
        "auc_std": 0.0,
        "fold_aucs": [
          1.0,
          1.0,
          1.0,
          1.0,
          1.0
        ]
      },
      "all_features": {
        "auc_mean": 1.0,
        "auc_std": 0.0,
        "fold_aucs": [
          1.0,
          1.0,
          1.0,
          1.0,
          1.0
        ]
      }
    },
    "mann_whitney_iod": {
      "median_iod_near_dup": 20.2831045751634,
      "median_iod_hard_neg": 80.9199817131022,
      "mann_whitney_p": 4.087739755458809e-39,
      "n_near_dup": 300,
      "n_hard_neg": 300
    },
    "delta_auc_j2_plus_inv_ecs_vs_j2": {
      "mean": -1.6653345369377348e-19,
      "ci_lo": -1.1102230246251565e-16,
      "ci_hi": 1.1102230246251565e-16
    }
  },
  "key_findings": {
    "inv_ecs_auc_wiki_hard": 0.8087222222222223,
    "inv_ecs_auc_boilerplate_hard": 0.8071666666666667,
    "wiki_j2_auc": 1.0,
    "wiki_j2_plus_ecs_auc": 1.0,
    "bp_j2_auc": 1.0,
    "bp_j2_plus_ecs_auc": 1.0,
    "delta_auc_boilerplate_mean": -1.6653345369377348e-19,
    "delta_auc_boilerplate_ci_lo": -1.1102230246251565e-16,
    "delta_auc_boilerplate_ci_hi": 1.1102230246251565e-16,
    "hypothesis_confirmed": false,
    "wiki_mw_p": 3.819316529024651e-39,
    "bp_mw_p": 4.087739755458809e-39
  }
}